cullum_id	name	class
1	Swift, Joseph G	1802
2	Levy, Simon M	1802
3	Armistead, Walker K	1803
4	Jackson, Henry B	1803
5	Livingston, John	1803
6	Gates, Samuel	1804
7	Allen, Hannibal M	1804
8	Bomford, George	1805
9	McRee, William	1805
10	Totten, Joseph G	1805
11	Gates, William	1806
12	Heileman, Julius F	1806
13	Bonis, Pascal Vincent	1806
14	Chouteau, Auguste	1806
15	Partridge, Alden	1806
16	Gratiot, Charles	1806
17	Wood, Eleazer D	1806
18	Partridge, William	1806
19	Willard, Prentiss	1806
20	Proveaux, Joseph	1806
21	Bennett, Thomas	1806
22	Allen, Ethan A	1806
23	Lucas, Robert	1806
24	Wyndham, John D	1806
25	Loramier, Louis	1806
26	Post, Justus	1807
27	Clark, Satterlee	1807
28	Anderson, John	1807
29	Champlin, Samuel	1807
30	Noah, Samuel	1807
31	Buck, Daniel A, A	1808
32	Babcock, Samuel	1808
33	Thayer, Sylvanus	1808
34	Rathbone, Samuel B	1808
35	Valle, Louis	1808
36	Fay, Heman A	1808
37	Burton, Oliver G	1808
38	Huntington, Minor	1808
39	Mason, Milo	1808
40	Peters, George P	1808
41	Gibson, James	1808
42	Newman, Samuel	1808
43	Roberts, Alpheus	1808
44	Leonard, Luther	1808
45	Holley, Samuel H	1808
46	Van De Venter, Christopher	1809
47	Conkling, Solomon G	1809
48	Magee, Augustus W	1809
49	Haxtun, Milton	1809
50	Hall, Anson	1809
51	Sands, Abraham L	1809
52	Randell, Theodore	1809
53	Williams, Alexander J	1811
54	Boisaubin, Mane V	1811
55	Larrabee, Adam	1811
56	Hobart, Henry A	1811
57	Ketchum, Thomas	1811
58	Cobb, James D	1811
59	Irvine, Armstrong	1811
60	Beall, Thomas J	1811
61	Dalliba, James	1811
62	Loomis, Gustavus	1811
63	Smith, Ezra	1811
64	Ashley, Richard H	1811
65	Villard, Hippolyte H	1811
66	Bliss, John	1811
67	Burchstead, Henrv A	1811
68	Marsh, Ormond	1811
69	Ronan, George	1811
70	Field, Benjamin	1811
71	Abert, John J	1811
72	Wilcox, Joseph M	1812
73	Conant, Augustus	1812
74	Buck, Londus L	1812
75	Thompson, Alexander R	1812
76	Bell, John R	1812
77	Murdock, Francis B	1812
78	Templeman, George	1812
79	Randolph, Thomas B	1812
80	Hobart, William F	1812
81	Sumter, William	1812
82	Hight, George W	1812
83	Brush, John S	1812
84	Osgood, Nathaniel W	1812
85	Morley, George	1812
86	Fanning, Alexander C, W	1812
87	Cutbush, William	1812
88	Smith, William W	1812
89	DeRussy, Rene E	1812
90	Trescot, George	1813
91	Gardiner, George W	1814
92	Merchant, Charles S	1814
93	Dana, Nathaniel G	1814
94	Munroe, John	1814
95	Allanson, John S	1814
96	DeRussy, Lewis G	1814
97	Childs, Thomas	1814
98	Birdsall, Stephen	1814
99	Wright, John	1814
100	Brooke, Edmund	1814
101	Armstrong, John	1814
102	Ripley, James W	1814
103	Turner, Daniel	1814
104	Craig, Isaac E	1814
105	Thruston, Charles M	1814
106	Fitzhugh, Henry W	1814
107	Davis, Jackman J	1814
108	Stephenson, Thomas T	1814
109	Humphrey, Evans	1814
110	Wetmore, Samuel W	1814
111	Wells, William	1814
112	Booth, William L	1814
113	Baird, Thomas J	1814
114	Parkhurst, Jabez	1814
115	Armstrong, Robert L	1814
116	Badollet, James P	1814
117	Gardner, George W	1814
118	Lowe, Bradley S, A	1814
119	Broom, Thomas R	1814
120	Brunot, Hilary	1814
121	Middleton, Henry	1815
122	Rigal, William F	1815
123	Simonson, James	1815
124	Hills, John	1815
125	Willard, Simon	1815
126	Symington, John	1815
127	Gordon, William W	1815
128	Dulany, Henry R	1815
129	Sloo, John R	1815
130	Griswold, Henry W	1815
131	Monroe, James	1815
132	Brent, Robert C	1815
133	Wendell, Abraham	1815
134	Washington, George A	1815
135	Scott, Robert J	1815
136	Brewer, Alonzo	1815
137	Berrier, Francis N	1815
138	Cooper, George	1815
139	Smith, Henry	1815
140	Cochrane, Alexander F	1815
141	Van DeVenter, Michael F	1815
142	Johnson, Milo	1815
143	Gano, Aaron G	1815
144	Forsyth, Robert M	1815
145	Lendrum, Thomas W	1815
146	Blaney, George	1815
147	Leslie, Thomas J	1815
148	Eveleth, William S	1815
149	Pooler, Robert W	1815
150	Chase, William H	1815
151	Williams, Wolvert E	1815
152	Davidson, William B	1815
153	Webber, John A	1815
154	Gardner, Thomas J	1815
155	Bonneville, Benjamin L, E	1815
156	Cooper, Samuel	1815
157	Davies, Charles	1815
158	Stubbs, James R	1815
159	Embury, Peter	1815
160	White, Richard M	1815
161	Roumfort, Augustus L	1817
162	Spencer, James M	1817
163	Adams, Isaac A	1817
164	Graham, William M	1817
165	Graham, James D	1817
166	Despinville, Charles	1817
167	Kirk, John C	1817
168	Vinton, John R	1817
169	Lee, Richard B	1817
170	Griffith, Frederick L	1817
171	Lambert, Edward J	1817
172	McNeill, William Gibbs	1817
173	McDonald, Angus W	1817
174	Berryman, Henry	1817
175	Eakin, Constantine M	1817
176	Orr, John D	1817
177	Hitchcock, Ethan A	1817
178	Washington, John M	1817
179	Madison, Ambrose	1817
180	Delafield, Richard	1818
181	Talcott, Andrew	1818
182	Smith, S Stanhope	1818
183	Webster, Horace	1818
184	Ringgold, Samuel	1818
185	Brown, Harvey	1818
186	Chambers, Joseph N	1818
187	McKenzie, Samuel	1818
188	Porter, Giles	1818
189	Corprew, George W	1818
190	Jackson, John J	1818
191	Harding, Edward	1818
192	Vining, Benjamin C	1818
193	Loring, Henry H	1818
194	Daingerfield, Joseph F	1818
195	Strong, Joseph	1818
196	Russell, John B, F	1818
197	Webb, George	1818
198	Bache, Hartman	1818
199	Newton, William S	1818
200	Brooke, Leonard O	1818
201	Giles, Henry	1818
202	Pratt, John T	1818
203	Eliason, William A	1819
204	Underhill, Frederick A	1819
205	Ogden, Cornelius A	1819
206	Mansfield, Edward D	1819
207	Brewerton, Henry	1819
208	Bowes, John R	1819
209	Thompson, Henry A	1819
210	Kinsley, Zebina J, D	1819
211	Turnbull, William	1819
212	Baker, Joshua	1819
213	Dimick, Justin	1819
214	Whistler, George W	1819
215	Walker, Benjamin	1819
216	Tyler, Daniel	1819
217	Hamtramck, John F	1819
218	Sickles, Ethan C	1819
219	Hepburne, James S	1819
220	L'Engle, John	1819
221	Edwards, John M	1819
222	Brockenbrough, Austin	1819
223	Malcolm, William	1819
224	Mackenzie, John	1819
225	Rupp, Joseph D	1819
226	Dumeste, Jacob A	1819
227	Blaney, James R	1819
228	Conant, Roswell	1819
229	Strong, Jasper	1819
230	Gilbert, Henry	1819
231	Swift, William H	1819
232	Tuttle, Stephen	1820
233	Donelson, Andrew J	1820
234	Sudler, Thomas E	1820
235	Bell, William H	1820
236	DeHart, William C	1820
237	Barbarin, Francis N	1820
238	Brooke, Robert S	1820
239	Chambers, James A	1820
240	Butler, Edward G, W	1820
241	Tompkins, Daniel D	1820
242	Winder, John H	1820
243	Buchanan, William P	1820
244	Dusenberry, Samuel B	1820
245	Feltus, Henry J	1820
246	Cruger, Nicholas	1820
247	Lowndes, Rawlins	1820
248	Morris, Lewis N	1820
249	Barney, Joshua	1820
250	Lindsay, George F	1820
251	Tufts, John M	1820
252	Gorham, Benjamin	1820
253	McRee, Samuel	1820
254	Noel, Thomas	1820
255	McArthur, Thomas	1820
256	Guerrant, Charles	1820
257	Ramsay, George D	1820
258	Hawkins, Edgar S	1820
259	Maitland, William S	1820
260	Skinner, Aaron B	1820
261	Morris, William W	1820
262	Courtenay, Edward H	1821
263	Burdine, Clark	1821
264	Prescott, Jonathan	1821
265	Wells, William W	1821
266	Dimmock, Charles	1821
267	Holland, John C	1821
268	Ross, Edward C	1821
269	Wheelwright, Washington	1821
270	Wallace, David	1821
271	Allston, Robert F, W	1821
272	Scott, John F	1821
273	Grier, James	1821
274	Scott, John B	1821
275	Pentland, Joseph	1821
276	Morton, Alexander H	1821
277	Gaillard, William W	1821
278	Capron, Seth M	1821
279	Vail, Jefferson	1821
280	Henshaw, James	1821
281	Wheeler, Otis	1821
282	Bainbridge, Henry	1821
283	Rogers, Jason	1821
284	Porter, David M	1821
285	D'Lagnel, Julius A	1821
286	Dutton, George	1822
287	Mansfield, Joseph K, F	1822
288	Smith, Charles G	1822
289	Ingalls, Thomas R	1822
290	Bliss, Horace	1822
291	Cook, William	1822
292	Rose, William	1822
293	Gwynn, Walter	1822
294	Graham, Campbell	1822
295	Wheelock, Thompson B	1822
296	Cooke, James H	1822
297	Young, William C	1822
298	Canfield, Augustus	1822
299	Vinton, David H	1822
300	Schuler, John J	1822
301	Pickell, John	1822
302	Trimble, Isaac R	1822
303	Gird, Henry H	1822
304	Wright, Benjamin H	1822
305	Boyce, William M	1822
306	Denny, St Clair	1822
307	Lacey, Westwood	1822
308	Trenor, Eustace	1822
309	Wright, George	1822
310	Hunter, David	1822
311	McCall, George A	1822
312	Lincoln, Albert	1822
313	Lee, Francis	1822
314	Stephenson, James R	1822
315	Hopson, John D	1822
316	Morris, Thompson	1822
317	Wilcox, John R	1822
318	Johnston, Thomas	1822
319	Folger, George W	1822
320	McNamara, Thomas	1822
321	Wright, Aaron M	1822
322	Abercrombie, John J	1822
323	Wragg, Samuel	1822
324	Moniac, David	1822
325	Clark, Henry	1822
326	Mordecai, Alfred	1823
327	Greene, George S	1823
328	Richards, George C	1823
329	Holmes, Reuben	1823
330	Southerland, Samuel U	1823
331	Webster, Lucien B	1823
332	Guion, Frederick L	1823
333	Nauman, George	1823
334	Beckley, Alfred	1823
335	Searle, Frederic	1823
336	DeTreville, Richard	1823
337	Kinnard, Andrew	1823
338	Waters, George W	1823
339	Farley, John	1823
340	Nute, Levi M	1823
341	Batman, Mark W	1823
342	Thomas, Lorenzo	1823
343	Kingsbury, Julius J, B	1823
344	Andrews, George	1823
345	Collins, Richard D, C	1823
346	Reynolds, William	1823
347	Smith, Joseph R	1823
348	Day, Hannibal	1823
349	Stewart, Henry R	1823
350	Phillips, Elias	1823
351	Phillips, Joseph A	1823
352	Richardson, Asa	1823
353	Newell, John E	1823
354	Nicholls, John	1823
355	Crosman, George H	1823
356	Holt, Charles	1823
357	Cotton, John W	1823
358	Alexander, Edmund B	1823
359	Miller, Albert S	1823
360	Birdsall, Egbert B	1823
361	Mahan, Dennis H	1824
362	Smith, John W, A	1824
363	Parrott, Robert P	1824
364	Hazzard, R, Edward	1824
365	Findlay, John King	1824
366	Bennett, Napoleon B	1824
367	Dillahunty, John N	1824
368	Jones, Francis L	1824
369	Long, George W	1824
370	Fessenden, John M	1824
371	Bainbridge, William P	1824
372	Picton, John M, W	1824
373	Wilson, Horatio A	1824
374	Tillinghast, Nicholas	1824
375	Williams, William G	1824
376	Drane, Anthony	1824
377	Jamison, Louis T	1824
378	Bickley, William	1824
379	Low, Ephraim W	1824
380	Cadle, Joseph	1824
381	Johnston, Alexander	1824
382	Harris, William L	1824
383	Bloodgood, William	1824
384	Eaton, William W	1824
385	Paige, Timothy	1824
386	Newcomb, Francis D	1824
387	Miles, Dixon S	1824
388	Backus, Electus	1824
389	Catlin, Julius	1824
390	Van Swearingen, Joseph	1824
391	Thompson, W, Beverhout	1824
392	Bache, Alexander D	1825
393	McMartin, Peter	1825
394	Bowman, Alexander H	1825
395	Brown, Thompson S	1825
396	Donelson, Daniel S	1825
397	Ryan, Stephen V, R	1825
398	Smead, Raphael C	1825
399	Huger, Benjamin	1825
400	Taylor, Francis	1825
401	Brisbane, Abbott H	1825
402	Hopkins, William Fenn	1825
403	Thornton, William A	1825
404	Harris, Joseph W	1825
405	Williams, Matthew J	1825
406	Anderson, Robert	1825
407	Mackay, Alexander D	1825
408	Irwin, James R	1825
409	Smith, Horace	1825
410	Smith, Charles F	1825
411	Seawell, Washington	1825
412	Carter, Lawrence F	1825
413	Norcom, Frederick	1825
414	Street, Nathaniel H	1825
415	Worth, Joseph S	1825
416	Harris, N, Sayre	1825
417	Cross, Osborne	1825
418	Bonnell, Joseph	1825
419	Montgomery, William R	1825
420	Linden, H, St. James	1825
421	Anderson, James J	1825
422	Burnham, James D	1825
423	Dorr, Gustavus	1825
424	Thomas, Frederick	1825
425	Garey, George W	1825
426	Engle, James	1825
427	Clay, Joseph	1825
428	Allston, Samuel R	1825
429	Bartlett, William H, C	1826
430	Twiss, Thomas S	1826
431	Bryant, William	1826
432	Cram, Thomas Jefferson	1826
433	Ridgely, Charles G	1826
434	McClellan, John	1826
435	Henderson, Bennett H	1826
436	Johnston, Albert S	1826
437	White, Edward B	1826
438	Dancy, Francis L	1826
439	Searight, Joseph D	1826
440	Townsend, Joel C	1826
441	Herring, Daniel S	1826
442	Woodbridge, George	1826
443	Clark, Michael M	1826
444	Ewing, Maskell C	1826
445	Heintzelman, Samuel P	1826
446	Brown, Theophilus B	1826
447	Tufts, Danforth H	1826
448	Pleasonton, Augustus J	1826
449	Parks, Martin P	1826
450	Grayson, John B	1826
451	Williamson, John	1826
452	Griffin, Henry J	1826
453	Archer, John	1826
454	Ridgely, Samuel H	1826
455	Berrien, John M	1826
456	Babbitt, Edwin B	1826
457	Colcock, Richard W	1826
458	Minor, Charles L, C	1826
459	Sims, William H	1826
460	Brooke, Francis J	1826
461	Macrae, Nathaniel C	1826
462	Allen, James G	1826
463	Baldwin, Alexander G	1826
464	Eaton, Amos B	1826
465	Merrill, Moses E	1826
466	Colerick, Charles	1826
467	Casey, Silas	1826
468	Pearce, Thomas H	1826
469	Smith, E, Kirby	1826
470	Sibley, Ebenezer S	1827
471	Childe, John	1827
472	Maynadier, William	1827
473	Bradford, James A, J	1827
474	Bibb, Lucien J	1827
475	Buford, Napoleon B	1827
476	Schenck, Edwin	1827
477	Polk, Leonidas	1827
478	Sterrett, Essex	1827
479	Fetterman, George	1827
480	Aisquith, William E	1827
481	Worthington, Thomas	1827
482	Rains, Gabriel J	1827
483	Furman, John G	1827
484	Magruder, William B	1827
485	Stockton, Thomas B, W	1827
486	Hooe, Alexander S	1827
487	Flanagan, William	1827
488	Prentiss, George H	1827
489	Perkins, David	1827
490	Hitchcock, Samuel	1827
491	Center, Alexander J	1827
492	Cooke, Philip St George	1827
493	Trask, Thomas S	1827
494	Hetzel, Abner R	1827
495	La Motte, Joseph H	1827
496	Lacey, Edgar M	1827
497	Gale, Levin	1827
498	Simonton, Isaac P	1827
499	Van Horne, Jefferson	1827
500	Hood, Washington	1827
501	Lynde, Isaac	1827
502	Eaton, Nathaniel J	1827
503	Westmore, Stephen M	1827
504	Greenough, Jonathan K	1827
505	Stilwell, William S	1827
506	Van Buren, Abraham	1827
507	Clark, Nelson N	1827
508	Church, Albert E	1828
509	Tilghman, Richard C	1828
510	Mercer, Hugh W	1828
511	Temple, Robert E	1828
512	Collins, Charles	1828
513	Austin, Ivers J	1828
514	French, Edmund	1828
515	Locke, Joseph L	1828
516	Chase, George E	1828
517	Lane, John F	1828
518	Palmer, William	1828
519	Adams, Thomas B	1828
520	Clary, Robert E	1828
521	Sevier, Robert	1828
522	Mather, William W	1828
523	Mitchell, Enos G	1828
524	Izard, James F	1828
525	Cutts, Thomas	1828
526	Baker, William H	1828
527	Thompson, James L	1828
528	Rousseau, Gustave S	1828
529	Kinsman, Benjamin W	1828
530	Davis, Jefferson	1828
531	Morrison, William L, E	1828
532	Cobb, Samuel K	1828
533	Torrence, Samuel	1828
534	Foster, Amos	1828
535	Drayton, Thomas F	1828
536	Brockway, Thomas C	1828
537	Gardenier, John R, B	1828
538	Wright, Crafts J	1828
539	Penrose, James W	1828
540	Van Wyck, Philip R	1828
541	Mason, Charles	1829
542	Lee, Robert E	1829
543	Harford, William H	1829
544	Izard, J, Allen Smith	1829
545	Barnes, James	1829
546	Buckingham, Catharinus P	1829
547	Bryce, Joseph Smith	1829
548	Mackay, John	1829
549	Hackley, Charles W	1829
550	Knowlton, Miner	1829
551	Casey, John C	1829
552	McKee, William R	1829
553	Johnston, Joseph E	1829
554	Kennedy, John F	1829
555	Mitchel, O, McKnight	1829
556	Brown, Gustavus	1829
557	Burbank, Sidney	1829
558	Hoffman, William	1829
559	Petigru, Charles	1829
560	Hunt, Franklin E	1829
561	Lupton, Lancaster P	1829
562	Eastman, Seth	1829
563	Swords, Thomas	1829
564	Cady, Albemarle	1829
565	Davies, Thomas A	1829
566	Blanchard, Albert G	1829
567	Howe, Chileab S	1829
568	Sibley, Caleb C	1829
569	Wright, James H	1829
570	Sterling, George A	1829
571	Pawling, Joseph H	1829
572	Snyder, Antes	1829
573	Warfield, William H	1829
574	Clark, James	1829
575	Allen, James	1829
576	Freeman, Jonathan	1829
577	Davis, John P	1829
578	Bowdoin, George R, J	1829
579	Long, Edwin R	1829
580	Brice, Benjamin W	1829
581	Burnet, Robert W	1829
582	Moore, James S	1829
583	May, Charles O	1829
584	Holmes, Theophilus H	1829
585	Williams, Edward R	1829
586	Screven, Richard B	1829
587	Swift, Alexander J	1830
588	Basinger, William E	1830
589	Chandler, Walter S	1830
590	Vinton, Francis	1830
591	Pendleton, William N	1830
592	Lawson, George W	1830
593	Lee, Thomas J	1830
594	Barry, John W	1830
595	Linnard, Thomas B	1830
596	Poole, Benjamin	1830
597	Drum, Simon H	1830
598	Prentiss, James H	1830
599	Whitely, Robert H, K	1830
600	Rose, Edwin	1830
601	Magruder, John B	1830
602	Bledsoe, Albert T	1830
603	Stoddard, John S	1830
604	Murray, John W	1830
605	West, James	1830
606	Hill, James M	1830
607	Kinney, Samuel	1830
608	Leavenworth, Jesse H	1830
609	Clark, Meriwether L	1830
610	Collingsworth, John T	1830
611	Beall, Lloyd J	1830
612	Heyward, William C	1830
613	Ritner, Joseph	1830
614	Burgwin, John H, K	1830
615	Alexander, Thomas L	1830
616	Taylor, James H	1830
617	Buchanan, Robert C	1830
618	Daviess, Camillus C	1830
619	Vanderveer, John S	1830
620	Royster, Thomas J	1830
621	Wilson, George	1830
622	Patten, George W	1830
623	Eustis, William	1830
624	Manning, David A	1830
625	McClure, George W	1830
626	Ross, Richard H	1830
627	Clendenin, John M	1830
628	Legate, Stephen B	1830
629	Park, Roswell	1831
630	Clay, Henry	1831
631	Allen, James	1831
632	Prentiss, Henry E	1831
633	Lea, Albert Miller	1831
634	Peyton, Richard H	1831
635	Norton, William A	1831
636	Turner, George W	1831
637	Ridgely, Samuel C	1831
638	Miller, Samuel H	1831
639	Talcott, George H	1831
640	Ammen, Jacob	1831
641	Humphreys, Andrew A	1831
642	Emory, William H	1831
643	Chapman, William	1831
644	Larnard, Charles H	1831
645	Eastman, Elbridge G	1831
646	Scott, Moses	1831
647	McKean, Thomas J	1831
648	Van Rensselaer, Henry	1831
649	Ogden, Edmund A	1831
650	Northrop, Lucius B	1831
651	Covington, Erasmus F	1831
652	Van Cleve, Horatio P	1831
653	Alden, Bradford R	1831
654	Stockton, Thomas	1831
655	Curtis, Samuel R	1831
656	Williams, James S	1831
657	Wood, Ingham	1831
658	Wilkinson, Frederick	1831
659	Harvey, John G	1831
660	Whittlesey, Charles	1831
661	Conrad, John	1831
662	Ward, George W	1832
663	Smith, Robert Percy	1832
664	Ewell, Benjamin S	1832
665	Cass, George W	1832
666	Bailey, Jacob W	1832
667	Cocke, Philip St George	1832
668	Sill, Henry G	1832
669	Vance, Joseph C	1832
670	Watson, George	1832
671	Keyes, Erasmus D	1832
672	McDuffee, Franklin	1832
673	Howell, Lewis	1832
674	Wall, William	1832
675	Macomb, John N	1832
676	Deas, Edward	1832
677	Brackett, John E	1832
678	Burnett, Ward B	1832
679	Simpson, James H	1832
680	Brush, Alfred	1832
681	Fain, Richard G	1832
682	Yoakum, Henderson K	1832
683	Tilghman, Tench	1832
684	Pettes, William H	1832
685	Wilkinson, Theophilus F, J	1832
686	Sitgreaves, Lorenzo	1832
687	Crittenden, George B	1832
688	Brown, Jacob	1832
689	Whiting, Daniel P	1832
690	Marcy, Randolph B	1832
691	Hardin, James P	1832
692	Hill, Thomas M	1832
693	Dix, Roger S	1832
694	Archer, Robert H	1832
695	Bomford, James V	1832
696	Gatlin, Richard C	1832
697	Storer, William H	1832
698	Griffin, George H	1832
699	Beach, John	1832
700	Kello, William O	1832
701	Swartwout, Henry	1832
702	Kingsbury, Gaines P	1832
703	Marshall, Humphrey	1832
704	Bowman, James M	1832
705	Ury, Asbury	1832
706	Edwards, Albert G	1832
707	Smith, Frederic A	1833
708	Barnard, John G	1833
709	Cullum, George W	1833
710	King, Rufus	1833
711	Smith, Francis H	1833
712	Sidell, William H	1833
713	Harris, David B	1833
714	Lee, Roswell W	1833
715	Bliss, William W, S	1833
716	Capron, Erastus A	1833
717	Garret, Isaiah	1833
718	Miller, John H	1833
719	Hale, David E	1833
720	Mudge, Robert R	1833
721	Thomas, John A	1833
722	Davis, James Lucius	1833
723	Schriver, Edmund	1833
724	Waller, Henry	1833
725	Allen, John H	1833
726	Shiras, Alexander E	1833
727	DuPont, Henry	1833
728	Alvord, Benjamin	1833
729	Dimon, George D	1833
730	Burnett, Isaac R, D	1833
731	Blake, Jacob E	1833
732	Hooper, John L	1833
733	Riggs, Joel	1833
734	McCrabb, John W	1833
735	Wessells, Henry W	1833
736	Center, John P	1833
737	Pegram, George H	1833
738	Myers, Abraham C	1833
739	Ringgold, George H	1833
740	Ruggles, Daniel	1833
741	Anderson, James W	1833
742	McClure, James	1833
743	Reid, J, Chester	1833
744	Johns, Thomas	1833
745	DuBose, Benjamin E	1833
746	Harrison, Joseph P	1833
747	Scott, Henry L	1833
748	Seaton, Augustine F	1833
749	Hunter, Nathaniel W	1833
750	Fraser, William D	1834
751	Sanders, John	1834
752	Loughborough, Harrison	1834
753	Morris, Thomas A	1834
754	Allen, Robert T, P	1834
755	Duncan, James	1834
756	Kibby, Epaphras	1834
757	Stockton, William T	1834
758	Lee, John F	1834
759	Fuller, Charles A	1834
760	Pope, Curran	1834
761	Chalmers, Charles B	1834
762	Henderson, John E	1834
763	Miller, Morris S	1834
764	Freeman, William G	1834
765	Walbach, Louis A, B	1834
766	Cooper, James F	1834
767	Paul, Gabriel R	1834
768	Field, George P	1834
769	Fry, Cary H	1834
770	Turner, Henry S	1834
771	Simmons, Seneca G	1834
772	Barnwell, Thomas O	1834
773	McKavett, Henry	1834
774	Bryan, Goode	1834
775	Coburn, Joseph L	1834
776	Reed, James G	1834
777	Barbour, Philip N	1834
778	Harris, Arnold	1834
779	Smith, Richard S	1834
780	Robinson, Eustace	1834
781	Ketchum, William Scott	1834
782	Britton, Forbes	1834
783	Graham, John	1834
784	Price, William H	1834
785	Montgomery, Alexander	1834
786	Morell, George W	1835
787	Bigelow, Charles H	1835
788	Martindale, John H	1835
789	Whiting, Charles J	1835
790	Legate, George M	1835
791	Herbert, Alfred	1835
792	Brumby, Arnoldus V	1835
793	Roberts, Joseph	1835
794	Brooks, Horace	1835
795	Morgan, James M	1835
796	Renick, Robert M	1835
797	Henderson, Richard	1835
798	Ellis, James N	1835
799	Keais, John L	1835
800	Brown, William Spencer	1835
801	Kendrick, Henry L	1835
802	Stokes, James H	1835
803	Blair, Montgomery	1835
804	Meade, George G	1835
805	Betts, William H	1835
806	Waggaman, George G	1835
807	Hanson, Weightman K	1835
808	Naglee, Henry M	1835
809	Campbell, Archibald	1835
810	Macomb, Alexander S	1835
811	Hanley, John H	1835
812	Griffin, William H	1835
813	Johnston, Abraham R	1835
814	Gaillard, Peter C	1835
815	Prince, Henry	1835
816	Haupt, Herman	1835
817	Plummer, Samuel M	1835
818	Mitchell, Alexander M	1835
819	Tappan, Alexander H	1835
820	DeForest, William H	1835
821	Thompson, Philip R	1835
822	McKissack, William M, D	1835
823	Tibbatts, S, Theodore	1835
824	Wells, James M	1835
825	Henry, William S	1835
826	Scott, John M	1835
827	Shaw, George W	1835
828	Eaton, Joseph H	1835
829	Withers, Jones M	1835
830	Reeve, Isaac V, D	1835
831	Scott, John W	1835
832	Smith, Larkin	1835
833	Patrick, Marsena R	1835
834	Arden, Thomas B	1835
835	Whipple, Joseph H	1835
836	Bradbury, Lucius	1835
837	Wainwright, Robert A	1835
838	Roberts, Benjamin S	1835
839	Grier, William N	1835
840	Brent, Thomas L	1835
841	McLeod, Hugh	1835
842	Welcker, George L	1836
843	Mason, James L	1836
844	Leadbetter, Danville	1836
845	Anderson, Joseph R	1836
846	Meigs, Montgomery C	1836
847	Woodbury, Daniel P	1836
848	Lewis, Fisher A	1836
849	Bransford, Samuel J	1836
850	Allen, Augustus P	1836
851	Warner, William H	1836
852	Conkling, Barnabas	1836
853	Wallace, William B	1836
854	Churchill, Marlborough	1836
855	DeWitt, David P	1836
856	Donaldson, James L	1836
857	O'Brien, John P, J	1836
858	Luther, Roland A	1836
859	Sherman, Thomas W	1836
860	Roland, John F	1836
861	Sing, Charles B	1836
862	Crittenden, Alexander P	1836
863	Lockwood, Henry H	1836
864	Greene, Christopher A	1836
865	Phelps, John W	1836
866	Hagner, Peter V	1836
867	Shackleford, Muscoe L	1836
868	Tompkins, Christopher Q	1836
869	Burke, Martin J	1836
870	Judson, John W	1836
871	Woodruff, I, Carle	1836
872	Arvin, William B	1836
873	Hatheway, John S	1836
874	Allen, Robert	1836
875	Frazer, William	1836
876	Thomas, George C	1836
877	Lansing, Arthur B	1836
878	Daniels, Charles B	1836
879	Mock, William	1836
880	Baker, Robert F	1836
881	Hoskins, Charles	1836
882	Whitehorne, Samuel	1836
883	Gates, Collinson R	1836
884	Hammond, Marcus C, M	1836
885	Stockton, Richard G	1836
886	Chiffelle, Thomas P	1836
887	Tilghman, Lloyd	1836
888	McCrate, Thomas	1836
889	Moorhead, Henry C	1836
890	Spoor, Charles H, E	1836
891	Benham, Henry W	1837
892	Gunnison, John W	1837
893	Morgan, Edwin W	1837
894	Bratt, John	1837
895	Bragg, Braxton	1837
896	Dyer, Alexander B	1837
897	Chapman, William W	1837
898	Mackall, William W	1837
899	Scammon, E Parker	1837
900	Arnold, Lewis G	1837
901	Vogdes, Israel	1837
902	Williams, Thomas	1837
903	Jones, Robert T	1837
904	Woodbridge, Francis	1837
905	Gregory, A, Park	1837
906	Townsend, Edward D	1837
907	Martin, William T	1837
908	Early, Jubal A	1837
909	Bradford, Edmund	1837
910	Pratt, Henry C	1837
911	Hill, Bennett H	1837
912	French, William H	1837
913	Taylor, George	1837
914	Sedgwick, John	1837
915	Bates, Joshua H	1837
916	Rodney, George C	1837
917	Pemberton, John C	1837
918	Armstrong, William	1837
919	Hooker, Joseph	1837
920	Harvie, John M	1837
921	Wooster, Charles F	1837
922	Rutledge, Arthur M	1837
923	Elzey, Arnold	1837
924	Steptoe, Edward J	1837
925	Fowler, William H	1837
926	Woods, Samuel	1837
927	McLane, Robert M	1837
928	Sherwood, Walter	1837
929	Todd, John B, S	1837
930	Soley, James R	1837
931	Moore, Samuel D, J	1837
932	Ridgely, Randolph	1837
933	Wyse, Francis	1837
934	Grandin, William G	1837
935	Hopson, Nevil	1837
936	Walker, William H, T	1837
937	Davidson, Levi P	1837
938	Chilton, Robert H	1837
939	Hardia, William	1837
940	Saunders, Franklin	1837
941	Wright, William H	1837
942	Beauregard, P, G, T	1838
943	Trapier, James H	1838
944	Campbell, Stephen H	1838
945	Scarritt, Jeremiah M	1838
946	Dearborn, Alexander H	1838
947	Metcalfe, John T	1838
948	Casey, Thomas	1838
949	Reeves, Isaac S, K	1838
950	Board, Buckner	1838
951	Blair, William B	1838
952	Ringgold, Thomas Lee	1838
953	Ketchum, James M	1838
954	Wayne, Henry C	1838
955	Pitkin, Lucius	1838
956	Shover, William H	1838
957	Barry, William F	1838
958	Haynes, Milton A	1838
959	Nichols, William A	1838
960	Fletcher, John C	1838
961	Chase, Leslie	1838
962	Easton, Langdon C	1838
963	McDowell, Irvin	1838
964	Jennings, Rowley S	1838
965	Austine, William	1838
966	Hardee, William J	1838
967	Merrill, Hamilton W	1838
968	Granger, Robert S	1838
969	Ransom, Owen P	1838
970	Mathews, John H	1838
971	Sibley, Henry H	1838
972	Johnson, Edward	1838
973	Arnold, Ripley A	1838
974	Freeman, Constant	1838
975	Reynolds, Alexander W	1838
976	Smith, Andrew J	1838
977	Hughes, Charles J	1838
978	Hulbert, William	1838
979	Cochran, Robert M	1838
980	McKinstry, Justus	1838
981	Mumford, Ferdinand S	1838
982	Stevenson, Carter L	1838
983	Graham, Richard H	1838
984	Ruff, Charles F	1838
985	Inge, Zebulon M, P	1838
986	Stevens, Isaac I	1839
987	Butler, Robert Q	1839
988	Halleck, Henry W	1839
989	Gilmer, Jeremy F	1839
990	Smith, Henry L	1839
991	Culbertson, Michael S	1839
992	Thom, George	1839
993	Callender, Franklin D	1839
994	Burton, Henry S	1839
995	Haskin, Joseph A	1839
996	Grafton, Henry D	1839
997	Rankin, James L	1839
998	Lawton, Alexander R	1839
999	Judd, Henry B	1839
1000	Allen, Lucius H	1839
1001	Ricketts, James B	1839
1002	Ord, Edward O, C	1839
1003	Boyd, Joseph B	1839
1004	Hunt, Henry J	1839
1005	Irvin, William	1839
1006	Smith, William S	1839
1007	Dawson, Samuel K	1839
1008	Gibson, Augustus A	1839
1009	Paine, Eleazer A	1839
1010	Barry, Garrett	1839
1011	Wickliffe, Charles	1839
1012	Hunton, Thomas	1839
1013	Gaither, Edgar B	1839
1014	Korn, William H	1839
1015	Canby, Edward R, S	1839
1016	Hill, John H	1839
1017	Hebert, Paul O	1840
1018	Kingsbury, Charles P	1840
1019	McNutt, John	1840
1020	Jones, William P	1840
1021	Gilham, William	1840
1022	Sherman, William T	1840
1023	Lancaster, Job R, H	1840
1024	Churchill, William H	1840
1025	Van Vliet, Stewart	1840
1026	McCown, John P	1840
1027	Clarke, Francis N	1840
1028	Thomas, George H	1840
1029	Ewell, Richard S	1840
1030	Martin, James G	1840
1031	Getty, George W	1840
1032	Field, Horace B	1840
1033	Whiting, Henry	1840
1034	Hays, William	1840
1035	Hamilton, Fowler	1840
1036	Tilden, Bryant P	1840
1037	Higgins, Thaddeus	1840
1038	Winship, Oscar F	1840
1039	Johnson, Bushrod R	1840
1040	Humber, Charles H	1840
1041	Caldwell, James N	1840
1042	Gardiner, John W, T	1840
1043	Campbell, Reuben P	1840
1044	Lugenbeel, Pinkney	1840
1045	Wardwell, Henry	1840
1046	Robertson, William	1840
1047	Steele, William	1840
1048	Maclay, Robert P	1840
1049	Shepherd, Oliver L	1840
1050	Wallen, Henry D	1840
1051	Carpenter, Stephen D	1840
1052	Folsom, Joseph L	1840
1053	Torrey, William G	1840
1054	Rogers, Daniel G	1840
1055	Johns, William B	1840
1056	Irwin, Douglass S	1840
1057	Jordan, Thomas	1840
1058	Bacon, John D	1840
1059	Tower, Zealous B	1841
1060	Wright, Horatio G	1841
1061	Harrison, Masillon	1841
1062	Stansbury, Smith	1841
1063	Whipple, Amiel W	1841
1064	Gorgas, Josiah	1841
1065	Rodman, Thomas J	1841
1066	Howe, Albion P	1841
1067	McDonald, Philip W	1841
1068	Ayers, George W	1841
1069	Lyon, Nathaniel	1841
1070	Irons, Joseph F	1841
1071	Jenkins, Leonidas	1841
1072	Love, John	1841
1073	Allen, Harvey A	1841
1074	Garesch, Julius P	1841
1075	Fremont, Sewall L	1841
1076	Anderson, Samuel S	1841
1077	Jones, Samuel	1841
1078	Fahnestock, Simon S	1841
1079	Hammond, Richard P	1841
1080	Plummer, Joseph B	1841
1081	Brannan, John M	1841
1082	Hamilton, Schuyler	1841
1083	Totten, James	1841
1084	Reynolds, John F	1841
1085	Garnett, Robert S	1841
1086	Parker, Robert B	1841
1087	Garnett, Richard B	1841
1088	Bacot, Richard H	1841
1089	Sears, Claudius W	1841
1090	Buell, Don Carlos	1841
1091	Burbank, John G	1841
1092	Sully, Alfred	1841
1093	Flint, Franklin F	1841
1094	Beardsley, John	1841
1095	Calhoun, Patrick	1841
1096	Richardson, Israel B	1841
1097	Jones, John M	1841
1098	Bowman, Andrew W	1841
1099	Murray, Edward	1841
1100	Page, Francis N	1841
1101	Nelson, Anderson D	1841
1102	Berry, Benjamin A	1841
1103	Darne, Alexander C, H	1841
1104	Brooks, William T, H	1841
1105	Kane, Elias K	1841
1106	Gantt, Levi	1841
1107	Rosecrants, Mortimer	1841
1108	Ernst, Rudolph F	1841
1109	Buford, Abraham	1841
1110	Morris, Charles F	1841
1111	Eustis, Henry L	1842
1112	Newton, John	1842
1113	Rains, George W	1842
1114	Kurtz, John D	1842
1115	Rosecrans, William S	1842
1116	Laidley, Theodore T, S	1842
1117	Alexander, Barton S	1842
1118	Smith, Gustavus W	1842
1119	Lovell, Mansfield	1842
1120	Benjamin, Calvin	1842
1121	Benton, James G	1842
1122	Stewart, Alexander P	1842
1123	Beckwith, Edward G	1842
1124	Whiting, Henry M	1842
1125	Bowen, Isaac	1842
1126	Smith, Martin L	1842
1127	Pope, John	1842
1128	Stewart, Joseph	1842
1129	Johnston, Richard W	1842
1130	Hillhouse, John	1842
1131	Gibson, David	1842
1132	Kilburn, Charles L	1842
1133	Williams, Seth	1842
1134	Doubleday, Abner	1842
1135	Brown, Hachaliah	1842
1136	Loeser, Lucien	1842
1137	Denman, Frederick J	1842
1138	Hill, Daniel H	1842
1139	Dana, Napoleon J, T	1842
1140	Norton, Allen H	1842
1141	Rust, Armistead T, M	1842
1142	McCalmont, John S	1842
1143	Noble, Patrick	1842
1144	Story, Henry C	1842
1145	Beaman, Jenks	1842
1146	Clark, John D	1842
1147	Kirkham, Ralph W	1842
1148	Hall, Cyrus	1842
1149	Sykes, George	1842
1150	Anderson, Richard H	1842
1151	Lay, George W	1842
1152	Schureman, James W	1842
1153	Mason, George T	1842
1154	Jordan, Charles D	1842
1155	Stanton, Henry W	1842
1156	Williamson, Andrew J	1842
1157	McLean, Eugene E	1842
1158	McLaws, Lafayette	1842
1159	Hammond, Thomas C	1842
1160	Baker, Charles T	1842
1161	Hayman, Samuel B	1842
1162	Van Dorn, Earl	1842
1163	Perry, Christopher R	1842
1164	Longstreet, James	1842
1165	Abert, James W	1842
1166	Handy, James O	1842
1167	Franklin, William B	1843
1168	Deshon, George	1843
1169	Brereton, Thomas J	1843
1170	Greland, John H	1843
1171	Raynolds, William F	1843
1172	Quinby, Isaac F	1843
1173	Ripley, Roswell S	1843
1174	Peck, John J	1843
1175	Johnstone, John P	1843
1176	Reynolds, Joseph J	1843
1177	Hardie, James A	1843
1178	Clarke, Henry F	1843
1179	Booker, Jacob J	1843
1180	French, Samuel G	1843
1181	Chadbourne, Theodore L	1843
1182	Augur, Christopher C	1843
1183	Gardner, Franklin	1843
1184	Stevens, George	1843
1185	Holloway, Edmunds B	1843
1186	Neill, Lewis	1843
1187	Grant, Ulysses S	1843
1188	Potter, Joseph H	1843
1189	Hazlitt, Robert	1843
1190	Howe, Edwin	1843
1191	Wood, Lafayette B	1843
1192	Hamilton, Charles S	1843
1193	Van Bokkelen, William K	1843
1194	Crozet, A, St Amand	1843
1195	Jarvis, Charles E	1843
1196	Steele, Frederick	1843
1197	Selden, Henry R	1843
1198	Ingalls, Rufus	1843
1199	Dent, Frederick T	1843
1200	McFerran, John C	1843
1201	Judah, Henry M	1843
1202	Elting, Norman	1843
1203	Couts, Cave J	1843
1204	Merchant, Charles G	1843
1205	McClelland, George C	1843
1206	Peck, William Guy	1844
1207	Whittlesey, Joseph H	1844
1208	Gill, Samuel	1844
1209	Frost, Daniel M	1844
1210	Eddy, Asher R	1844
1211	Thomas, Francis J	1844
1212	Pleasonton, Alfred	1844
1213	Curd, Thomas J	1844
1214	Cook, Augustus	1844
1215	Bicknell, John Y	1844
1216	Buckner, Simon Bolivar	1844
1217	Trevitt, John	1844
1218	Dilworth, Rankin	1844
1219	Strong, Erastus B	1844
1220	Burwell, William T	1844
1221	Read, William	1844
1222	Woods, James S	1844
1223	Hancock, Winfield S	1844
1224	Henry, James M, Lake	1844
1225	Hays, Alexander	1844
1226	Wainwright, Gearge	1844
1227	Schroeder, Henry B	1844
1228	Smith, Joseph P	1844
1229	Bibb, John J, C	1844
1230	Hawkins, George W	1844
1231	Whiting, William H, C	1845
1232	Hunt, Edward B	1845
1233	Hebert, Louis	1845
1234	Smith, William F	1845
1235	Wood, Thomas J	1845
1236	Rhett, Thomas G	1845
1237	Stone, Charles P	1845
1238	Porter, Fitz-John	1845
1239	Carlisle, Josiah H	1845
1240	Edwards, George	1845
1241	Coppee, Henry	1845
1242	Collins, Francis	1845
1243	Farry, Joseph F	1845
1244	Welch, Louis D	1845
1245	Andrews, George P	1845
1246	Weld, Thomas B, J	1845
1247	Hatch, John P	1845
1248	Richey, John A	1845
1249	Merrill, Henry	1845
1250	Farrelly, Patrick A	1845
1251	Lincoln, Abram B	1845
1252	Armstrong, Bezaleel W	1845
1253	Allen, William T	1845
1254	Snelling, James G, S	1845
1255	Smith, Edmund K	1845
1256	Montgomery, Thomas J	1845
1257	Davidson, John W	1845
1258	Ward, James N	1845
1259	Hawes, James M	1845
1260	Givens, Newton C	1845
1261	Radford, Richard C, W	1845
1262	Sacket, Delos B	1845
1263	Bee, Barnard E	1845
1264	Rhea, William	1845
1265	Granger, Gordon	1845
1266	Clitz, Henry B	1845
1267	Wood, William H	1845
1268	Russell, David A	1845
1269	McElvain, Joseph	1845
1270	Pitcher, Thomas G	1845
1271	Crittenden, William L	1845
1272	Stewart, C, Seaforth	1846
1273	McClellan, George B	1846
1274	Blunt, Charles E	1846
1275	Foster, John G	1846
1276	Hardcastle, Edmund L, F	1846
1277	Bryan, Francis T	1846
1278	Derby, George H	1846
1279	Reno, Jesse L	1846
1280	Wilson, Clarendon J, L	1846
1281	Whedbee, Thomas M	1846
1282	Hayes, Edmund	1846
1283	Boynton, Edward C	1846
1284	Couch, Darius N	1846
1285	Sears, Henry B	1846
1286	Dutton, William	1846
1287	Brown, John A	1846
1288	Jackson, Thomas J	1846
1289	Magilton, Albert L	1846
1290	Seymour, Truman	1846
1291	Minor, Colville J	1846
1292	Gilbert, Charles C	1846
1293	Simpson, Marcus D, L	1846
1294	Bacon, Rufus J	1846
1295	Shields, Hamilton L	1846
1296	Adams, John	1846
1297	Rush, Richard H	1846
1298	Ehninger, Henry A	1846
1299	Castor, Thomas F	1846
1300	Chapman, Orren	1846
1301	Rodgers, Alexander P	1846
1302	Taylor, Oliver H, P	1846
1303	Sturgis, Samuel D	1846
1304	Stoneman, George	1846
1305	Oakes, James	1846
1306	Smith, William D	1846
1307	Evans, George F	1846
1308	Maury, Dabney H	1846
1309	Palmer, Innis N	1846
1310	Stuart, James	1846
1311	Turnley, Parmenas T	1846
1312	Jones, David R	1846
1313	Gibbs, Alfred	1846
1314	Gordon, George H	1846
1315	Myers, Frederic	1846
1316	Jones, DeLancey Floyd	1846
1317	Wilkins, John D	1846
1318	Whistler, Joseph N, G	1846
1319	Easley, Thomas	1846
1320	Davis, Nelson H	1846
1321	McConnell, Thomas R	1846
1322	Stevenson, Matthew R	1846
1323	Humphreys, George S	1846
1324	Tyler, William H	1846
1325	Wilcox, Cadmus M	1846
1326	Gardner, William M	1846
1327	Russell, Edmund	1846
1328	Botts, Archibald B	1846
1329	Maxey, Samuel B	1846
1330	Pickett, George E	1846
1331	Symmes, John C	1847
1332	Hamilton, John	1847
1333	Woods, Joseph J	1847
1334	McAllister, Julian	1847
1335	Hazzard, George W	1847
1336	Van Buren, Daniel T	1847
1337	Chalfin, Samuel F	1847
1338	Willcox, Orlando B	1847
1339	Mason, John S	1847
1340	Patten, George	1847
1341	Dickerson, John H	1847
1342	Beltzhoover, Daniel M	1847
1343	Tillinghast, Otis H	1847
1344	Fry, James B	1847
1345	Hill, Ambrose P	1847
1346	Cook, Anson J	1847
1347	Gibson, Horatio G	1847
1348	Burnside, Ambrose E	1847
1349	Long, Richard H	1847
1350	Gibbon, John	1847
1351	Best, Clermont L	1847
1352	Ayers, Romeyn B	1847
1353	Griffin, Charles	1847
1354	Black, Henry M	1847
1355	Hendershott, Henry B	1847
1356	Moore, Tredwell	1847
1357	Neill, Thomas H	1847
1358	Burns, William W	1847
1359	Abbott, Edward F	1847
1360	Viele, Egbert Ludovickus	1847
1361	Street, Washington P	1847
1362	Harrison, Montgomery P	1847
1363	Hunt, Lewis C	1847
1364	Seward, Augustus H	1847
1365	Plympton, Peter W, L	1847
1366	DeRussy, John	1847
1367	Blake, Edward D	1847
1368	Heth, Henry	1847
1369	Trowbridge, William P	1848
1370	Donelson, Andrew J., Jr	1848
1371	Duane, James C	1848
1372	Stevens, Walter H	1848
1373	Williamson, Robert S	1848
1374	Roys, Rufus A	1848
1375	Michler, Nathaniel	1848
1376	Haynes, James M	1848
1377	Clark, Joseph C	1848
1378	Jones, William E	1848
1379	Tidball, John C	1848
1380	Gill, William G	1848
1381	Forsythe, Benjamin D	1848
1382	Rhett, Thomas S	1848
1383	Holmes, James	1848
1384	Buford, John	1848
1385	Walbridge, Truman K	1848
1386	Bryan, Edward B	1848
1387	Dodge, Richard I	1848
1388	Tallmadge, Grier	1848
1389	Slaughter, William A	1848
1390	Russell, Robert M	1848
1391	Tyler, Charles H	1848
1392	Booth, John C	1848
1393	Jackson, Thomas K	1848
1394	Paige, George H	1848
1395	McLean, Nathaniel H	1848
1396	Miller, A, Galbraith	1848
1397	Ogle, Charles H	1848
1398	Beall, William N, R	1848
1399	Paine, Ferdinand	1848
1400	Johns, Thomas D	1848
1401	Mechling, William T	1848
1402	Barber, George C	1848
1403	Huston, Daniel	1848
1404	Evans, N, George	1848
1405	Steuart, George H	1848
1406	Howland, George W	1848
1407	Gillmore, Quincy A	1849
1408	Parke, John G	1849
1409	Benet, Stephen V	1849
1410	Haines, Thomas J	1849
1411	Duncan, Johnson K	1849
1412	Silvey, William	1849
1413	DuBarry, Beekman	1849
1414	Perkins, Delavan D	1849
1415	Baird, Absalom	1849
1416	Nimmo, William A	1849
1417	Cogswell, Milton	1849
1418	Stockton, Edward D	1849
1419	Platt, Edward R	1849
1420	McKeever, Chauncey	1849
1421	Lewis, William H	1849
1422	Kellogg, John	1849
1423	Moore, John C	1849
1424	Saxton, Rufus	1849
1425	Wright, Thomas	1849
1426	DeLano, Horace F	1849
1427	McClure, Daniel	1849
1428	Hudson, Edward McK	1849
1429	Withers, John	1849
1430	Tevis, Washington C	1849
1431	Robertson, Beverly H	1849
1432	Tidball, Joseph L	1849
1433	Field, Charles W	1849
1434	Barton, Seth M	1849
1435	Green, Duff C	1849
1436	Johnson, Richard W	1849
1437	Holabird, Samuel B	1849
1438	Williams, Thomas G	1849
1439	Washington, Thornton A	1849
1440	Frazer, John W	1849
1441	Cumming, Alfred	1849
1442	English, Thomas C	1849
1443	McArthur, Joseph H	1849
1444	Roy, James P	1849
1445	Alvord, Charles B	1849
1446	Clark, Darius D	1849
1447	Marshall, Louis H	1849
1448	Reynolds, Samuel H	1849
1449	McIntosh, James	1849
1450	Prime, Frederick E	1850
1451	Warren, Gouverneur K	1850
1452	Crispin, Silas	1850
1453	Grover, Cuvier	1850
1454	Wyman, Powell T	1850
1455	Wheelock, Joseph H	1850
1456	Culbertson, Jacob	1850
1457	Mack, Oscar A	1850
1458	Dungan, Hugh E	1850
1459	Bowen, Achilles	1850
1460	Magruder, William T	1850
1461	Slemmer, Adam J	1850
1462	Arnold, Richard	1850
1463	Flewellen, James P	1850
1464	Walker, Lucius M	1850
1465	Mebane, John A	1850
1466	Long, Armistead L	1850
1467	Ransom, Robert	1850
1468	Carr, Eugene A	1850
1469	Carlin, William P	1850
1470	Beckwith, Amos	1850
1471	Winder, Charles S	1850
1472	Bates, Francis H	1850
1473	Holliday, Jonas P	1850
1474	Marshall, Elisha G	1850
1475	Pearce, N, Bartlett	1850
1476	Calhoun, William R	1850
1477	Johnston, Robert	1850
1478	Bingham, Thomas	1850
1479	Colcord, Austin N	1850
1480	Macfeely, Robert	1850
1481	Alley, John W	1850
1482	Cabell, William L	1850
1483	Wilson, James H	1850
1484	Bankhead, Henry C	1850
1485	Sargent, Alden	1850
1486	Cole, Robert G	1850
1487	Mouton, John J, A, A	1850
1488	Haile, Joseph T	1850
1489	Corley, James L	1850
1490	Searle, Zetus S	1850
1491	Maxwell, J, Edward	1850
1492	Follett, Frederick M	1850
1493	Stith, Donald C	1850
1494	Andrews, George L	1851
1495	Morton, James St C	1851
1496	Balch, George T	1851
1497	Welcker, William T	1851
1498	Piper, Alexander	1851
1499	Thompson, James	1851
1500	Huse, Caleb	1851
1501	Garrard, Kenner	1851
1502	Helm, Ben Hardin	1851
1503	Day, Edward H	1851
1504	Gillem, Alvan C	1851
1505	Root, DeWitt N	1851
1506	Perry, Alexander J	1851
1507	Moore, Isaiah N	1851
1508	Edwards, John	1851
1509	Molinard, Albert J, S	1851
1510	Maynadier, Henry E	1851
1511	Bell, David	1851
1512	Williams, Robert	1851
1513	Mendenhall, John	1851
1514	Parks, Martin P., Jr	1851
1515	Ransom, Hyatt C	1851
1516	McRae, Alexander	1851
1517	Norris, Charles E	1851
1518	Chapin, Gurden	1851
1519	Kelton, John C	1851
1520	Morris, William H	1851
1521	Curtiss, James	1851
1522	Patterson, Robert E	1851
1523	Amory, Thomas J, C	1851
1524	Whipple, William D	1851
1525	Hodges, Henry C	1851
1526	Daniel, Junius	1851
1527	Jones, Roger	1851
1528	Bond, Adolphus F	1851
1529	Smith, Melancthon	1851
1530	Palfrey, Edward A	1851
1531	Shaaff, John T	1851
1532	Witter, Henry F	1851
1533	Tilford, Joseph G	1851
1534	Greene, James B	1851
1535	Baker, Lawrence S	1851
1536	Casey, Thomas Lincoln	1852
1537	Alexander, Newton F	1852
1538	Mendell, George H	1852
1539	Rose, George W	1852
1540	Ives, Joseph C	1852
1541	Todd, John W	1852
1542	Slocum, Henry W	1852
1543	Van Voast, James	1852
1544	Stanley, David S	1852
1545	Anderson, George B	1852
1546	Bonaparte, Jerome N	1852
1547	Veuve, Henry de	1852
1548	Robinson, James W	1852
1549	Hascall, Milo S	1852
1550	Mullan, John	1852
1551	Mowry, Sylvester	1852
1552	Cosby, George B	1852
1553	Thomas, Robert B	1852
1554	Hartsuff, George L	1852
1555	Woods, Charles R	1852
1556	Davis, Matthew L	1852
1557	Forney, John H	1852
1558	Polk, Marshall T	1852
1559	Swaine, Peter T	1852
1560	Rundell, Charles H	1852
1561	Evans, Andrew W	1852
1562	O'Connell, John D	1852
1563	Nugen, John	1852
1564	Fleming, Hugh B	1852
1565	McCook, Alexander McD	1852
1566	Douglass, Henry	1852
1567	Myers, William	1852
1568	Stockton, Philip	1852
1569	Williams, George A	1852
1570	Kautz, August V	1852
1571	Williams, Lawrence A	1852
1572	Kellogg, Lyman M	1852
1573	Crook, George	1852
1574	Bagby, Arthur P	1852
1575	Hawkins, John P	1852
1576	Phillips, Edwin D	1852
1577	Bonneau, Richard V	1852
1578	Garber, Hezekiah H	1852
1579	McPherson, James B	1853
1580	Craighill, William P	1853
1581	Sill, Joshua W	1853
1582	Boggs, William R	1853
1583	Shunk, Francis J	1853
1584	Smith, William S	1853
1585	Schofield, John M	1853
1586	Blunt, Matthew M	1853
1587	Hight, Thomas	1853
1588	Bissell, George R	1853
1589	Vincent, Thomas M	1853
1590	Symonds, Henry C	1853
1591	Bowen, John S	1853
1592	Bell, George	1853
1593	Burns, James D	1853
1594	Terrill, William R	1853
1595	Pelouze, Louis H	1853
1596	Solomon, Owen F	1853
1597	Livingston, LaRhett L	1853
1598	Duryea, Richard C	1853
1599	Chandler, John G	1853
1600	Tyler, Robert O	1853
1601	Jenkins, Walworth	1853
1602	Sweitzer, N, Bowman	1853
1603	White, James L	1853
1604	Allston, Benjamin	1853
1605	Chamberlain, Benjamin F	1853
1606	Edson, John H	1853
1607	Wilson, Thomas	1853
1608	Lowe, William W	1853
1609	Chambliss, John R	1853
1610	Dye, William McE	1853
1611	Davidson, Henry B	1853
1612	Sheridan, Philip H	1853
1613	Webb, William A	1853
1614	Grattan, John L	1853
1615	Otis, Elmer	1853
1616	Latimer, Alfred E	1853
1617	Smith, Benjamin F	1853
1618	Higgins, Silas P	1853
1619	Walker, Henry H	1853
1620	Jones, Edmund C	1853
1621	Chambers, Alexander	1853
1622	Hood, John B	1853
1623	Smith, James A	1853
1624	Hunter, Robert F	1853
1625	Jones, Thomas M	1853
1626	Plummer, Augustus H	1853
1627	McIntyre, James B	1853
1628	Rich, Lucius L	1853
1629	Ross, Reuben R	1853
1630	Craig, William	1853
1631	Lee, George Washington Custis	1854
1632	Abbot, Henry L	1854
1633	Ruger, Thomas H	1854
1634	Howard, Oliver O	1854
1635	Treadwell, Thomas J	1854
1636	Turnbull, Charles N	1854
1637	Deshler, James	1854
1638	Closson, Henry W	1854
1639	Bingham, Judson D	1854
1640	Pegram, John	1854
1641	Rogers, Charles G	1854
1642	Wright, Thomas J	1854
1643	Stuart, James E, B	1854
1644	Grade, Archibald	1854
1645	Smead, John R	1854
1646	Morgan, Michael Ryan	1854
1647	Lee, Stephen D	1854
1648	Carr, Milton T	1854
1649	Pender, William D	1854
1650	Langdon, Loomis L	1854
1651	Greble, John T	1854
1652	Villepigue, John B	1854
1653	Smalley, Henry A	1854
1654	Kinsey, Samuel	1854
1655	Smead, Ahner	1854
1656	Greene, Oliver D	1854
1657	Weed, Stephen H	1854
1658	Townsend, E, Franklin	1854
1659	Chapman, Alfred B	1854
1660	Gordon, George A	1854
1661	Long, John	1854
1662	Davis, Benjamin F	1854
1663	Wright, James	1854
1664	Palmer, Waterman	1854
1665	Hancock, David P	1854
1666	Shepperd, Samuel T	1854
1667	Davant, William M	1854
1668	Sawtelle, Charles G	1854
1669	Wade, Levi L	1854
1670	Mercer, John T	1854
1671	Bliss, Zenas R	1854
1672	O'Connor, Edgar	1854
1673	Mullins, John	1854
1674	Brotherton, David H	1854
1675	Randal, Horace	1854
1676	McCleary, John	1854
1677	Comstock, Cyrus B	1855
1678	Weitzel, Godfrey	1855
1679	Van Camp, Cornelius	1855
1680	Elliot, George H	1855
1681	Wheeler, Junius B	1855
1682	Gay, Ebenezer	1855
1683	Breck, Samuel	1855
1684	Gregg, David McM	1855
1685	Childs, Frederick L	1855
1686	DuBois, John V, D	1855
1687	Small, Michael P	1855
1688	Nicholls, Francis R, T	1855
1689	Webb, Alexander S	1855
1690	Turner, John W	1855
1691	Shoup, Francis A	1855
1692	Church, John R	1855
1693	Colburn, Albert V	1855
1694	Wheeler, James	1855
1695	Ruggles, George D	1855
1696	Merrill, Lewis	1855
1697	Torbert, Alfred T, A	1855
1698	Thomas, Charles W	1855
1699	Hill, James H	1855
1700	Hartz, Edward L	1855
1701	Bennett, Clarence E	1855
1702	Averell, William W	1855
1703	Bryan, Timothy M	1855
1704	Hazen, William B	1855
1705	Freedley, Henry W	1855
1706	Lazelle, Henry M	1855
1707	Pease, William R	1855
1708	Allen, Jesse K	1855
1709	Hill, Robert C	1855
1710	Dick, George McGunnegle	1855
1711	Snyder, George W	1856
1712	Houston, David C	1856
1713	McAlester, Miles D	1856
1714	Lee, Charles C	1856
1715	DeHart, Henry V	1856
1716	Poe, Orlando M	1856
1717	Tipton, John	1856
1718	Hascall, Herbert A	1856
1719	Porter, A, Parker	1856
1720	Vinton, Francis L	1856
1721	Bayard, George D	1856
1722	Sullivan, Thomas C	1856
1723	Barriger, John W	1856
1724	Lorain, Lorenzo	1856
1725	Bennett, John	1856
1726	Owens, Wesley	1856
1727	Bailey, Guilford D	1856
1728	Shinn, John B	1856
1729	Lyon, Hylan B	1856
1730	Bainbridge, Edmund C	1856
1731	Lomax, Lunsford L	1856
1732	Lodor, Richard	1856
1733	Major, James P	1856
1734	Gilman, Jeremiah H	1856
1735	Miller, Thomas E	1856
1736	Stivers, Charles B	1856
1737	Gaston, William	1856
1738	Forsyth, James W	1856
1739	Walker, Thomas W	1856
1740	Jackson, George	1856
1741	Taylor, Joseph H	1856
1742	Ritter, John F	1856
1743	Mizner, John K	1856
1744	Armistead, Frank S	1856
1745	Biggs, Herman	1856
1746	Gentry, William T	1856
1747	Alexander, James B, S	1856
1748	Jackson, William H	1856
1749	McLemore, Owen K	1856
1750	Lord, Richard S C	1856
1751	Sanders, William P	1856
1752	McMillan, James	1856
1753	Hughes, William B	1856
1754	Carroll, Samuel S	1856
1755	Lee, Fitzhugh	1856
1756	Hildt, J, McLean	1856
1757	Ives, Brayton C	1856
1758	Enos, Herbert M	1856
1759	Cunningham, Arthur S	1856
1760	Palfrey, John C	1857
1761	Meade, Richard K	1857
1762	Alexander, E, Porter	1857
1763	Robert, Henry M	1857
1764	Strong, George C	1857
1765	Smith, J, L, Kirby	1857
1766	Baylor, Thomas G	1857
1767	Putnam, Haldimand S	1857
1768	Smith, William P	1857
1769	Kensel, George A	1857
1770	Berry, Thomas J	1857
1771	Morgan, Charles H	1857
1772	Fish, Oliver H	1857
1773	Wildrick, Abram C	1857
1774	Walker, Charles J	1857
1775	Beach, Francis	1857
1776	Sinclair, William	1857
1777	Robinson, Augustus G	1857
1778	Ferguson, Samuel W	1857
1779	Reno, Marcus A	1857
1780	Warner, Edward R	1857
1781	Kimmel, Manning M	1857
1782	Weeks, George H	1857
1783	Magruder, John T	1857
1784	Cunningham, George A	1857
1785	McNeill, Henry C	1857
1786	Claflin, Ira W	1857
1787	Cone, Aurelius F	1857
1788	Quattlebaum, Paul J	1857
1789	Marmaduke, John S	1857
1790	Holt, George W	1857
1791	Conrad, Joseph S	1857
1792	Conner, Edward J	1857
1793	Ryan, George	1857
1794	Anderson, Robert H	1857
1795	Farrand, Charles E	1857
1796	Lee, Thomas J	1857
1797	Peck, Lafayette	1857
1798	Paine, William C	1858
1799	White, Moses J	1858
1800	Dixon, Joseph	1858
1801	Echols, William H	1858
1802	Saunders, John S	1858
1803	Hallonquist, James H	1858
1804	Tannatt, Thomas R	1858
1805	Miller, Marcus P	1858
1806	Ingraham, Charles H	1858
1807	Napier, Leroy	1858
1808	Williams, Solomon	1858
1809	Brewer, Richard H	1858
1810	McKee, Samuel	1858
1811	Van Horn, James J	1858
1812	Jackson, Andrew	1858
1813	Harker, Charles G	1858
1814	Reed, Sardine P	1858
1815	Frank, Royal T	1858
1816	Cressey, Edward P	1858
1817	Carey, Asa B	1858
1818	Bell, William H	1858
1819	Thomas, Bryan M	1858
1820	Nicodemus, William J, L	1858
1821	Gooding, Oliver P	1858
1822	Robinson, William G	1858
1823	Bascom, George N	1858
1824	Jesup, Charles E	1858
1825	Merrill, William E	1859
1826	Lockett, Samuel H	1859
1827	Collins, Charles R	1859
1828	Reese, Chauncey B	1859
1829	Wagner, Orlando G	1859
1830	Beckham, Robert F	1859
1831	Wright, Moses H	1859
1832	Bush, Edward G	1859
1833	Guenther, Francis L	1859
1834	Carling, Elias B	1859
1835	Hardin, Martin D	1859
1836	Baker, Eugene M	1859
1837	Hall, Norman J	1859
1838	Stone, Roderic	1859
1839	Crilly, Francis J	1859
1840	Anderson, Allen L	1859
1841	Stoughton, Edwin H	1859
1842	Carlton, Caleb H	1859
1843	Wheeler, Joseph	1859
1844	Upham, John J	1859
1845	Arnold, Abraham K	1859
1846	Worth, Henry A, F	1859
1847	McFarland, Walter	1860
1848	Tardy, John A	1860
1849	Porter, Horace	1860
1850	Bowen, Nicholas	1860
1851	Edson, Theodore	1860
1852	Wilson, James Harrison	1860
1853	Sloan, Benjamin	1860
1854	Whittemore, James M	1860
1855	Randol, Alanson M	1860
1856	Hook, Cornelius	1860
1857	McCreery, William W	1860
1858	Wilson, John M	1860
1859	Kellogg, Josiah H	1860
1860	Ramseur, Stephen D	1860
1861	Hopkins, Edward R	1860
1862	Lynn, Daniel D	1860
1863	Foster, Sam A	1860
1864	Pennington, Alexander C M	1860
1865	Kerr, John M	1860
1866	Powell, Albert M	1860
1867	Smith, Alfred T	1860
1868	Merritt, Wesley	1860
1869	Martin, James P	1860
1870	Burtwell, John R B	1860
1871	Jones, William G	1860
1872	Lewis, Martin V, B	1860
1873	Marsh, Salem S	1860
1874	Gibbes, Wade H	1860
1875	Bowman, Charles S	1860
1876	Cushing, Samuel T	1860
1877	Huger, Frank	1860
1878	Hall, Robert H	1860
1879	Andrews, John N	1860
1880	Riley, Edward B, D	1860
1881	Jordan, William H	1860
1882	Sweet, John J	1860
1883	Mishler, Lyman	1860
1884	Hollister, George S	1860
1885	Vanderbilt, George W	1860
1886	Warner, James M	1860
1887	Borland, Harold	1860
1888	Du Pont, Henry A	1861
1889	Cross, Charles E	1861
1890	Babcock, Orville E	1861
1891	Kingsbury, Henry W	1861
1892	Ames, Adelbert	1861
1892	Booth, John C	1861
1893	Hoxton, Llewellyn G	1861
1894	Buffington, Adelbert R	1861
1895	Upton, Emory	1861
1896	Chambliss, Nathaniel R	1861
1897	Kirby, Edmund	1861
1899	Benjamin, Samuel N	1861
1900	Adair, John	1861
1901	Barlow, John W	1861
1902	Hazlett, Charles E	1861
1903	Patterson, Charles E	1861
1904	Kilpatrick, Judson	1861
1905	Harwood, Franklin	1861
1906	Dresser, George W	1861
1907	Leoser, Charles McK	1861
1908	Hasbrouck, Henry C	1861
1909	Elderkin, William A	1861
1910	Davies, Francis A	1861
1911	Campbell, Charles C	1861
1912	Watson, Malbone F	1861
1913	Williams, John B	1861
1914	Henry, Guy V	1861
1915	Smyser, Jacob H	1861
1916	Rawles, Jacob B	1861
1917	Gittings, Erskine	1861
1918	Kent, J, Ford	1861
1919	Beaumont, Eugene B	1861
1920	Martin, Leonard	1861
1921	Poland, John S	1861
1922	Eastman, Robert L	1861
1923	Noble, Henry B	1861
1924	Janes, Leroy L	1861
1925	Emory, Campbell D	1861
1926	McQuesten, James F	1861
1927	Sokalski, George	1861
1928	Rice, Olin F	1861
1929	Rives, Wright	1861
1930	Gibson, Charles H	1861
1931	Henry, Mathias W	1861
1932	Sturgeon, Sheldon	1861
1933	O'Rorke, Patrick H	1861
1934	Farquhar, Francis U	1861
1935	Dutton, Arthur H	1861
1936	Derrick, Clarence	1861
1937	Flagler, Daniel W	1861
1938	Bradford, Thomas C	1861
1939	Hill, Richard M	1861
1940	Harris, William H	1861
1941	Mordecai, Alfred, Jr	1861
1942	Buel, David H	1861
1943	Lyford, Stephen C	1861
1944	Cushing, Alonzo H	1861
1945	Parsons, Charles C	1861
1946	Edie, John R	1861
1947	Babbitt, Lawrence S	1861
1948	Woodruff, George A	1861
1949	Audenried, Joseph C	1861
1950	Adams, Julius W	1861
1951	Hains, Peter C	1861
1952	Parker, Francis H	1861
1953	Farley, Joseph P	1861
1954	Campbell, Joseph B	1861
1955	Noyes, Henry E	1861
1956	Remington, Philip Halsey	1861
1957	Fuller, William D	1861
1958	Dimick, Justin E	1861
1959	Drouillard, James Pierre	1861
1960	Elbert, Leroy S	1861
1961	Brightly, Charles H	1861
1962	Carter, Eugene	1861
1963	Ferris, Samuel P	1861
1964	Watts, George O	1861
1965	Reynolds, Frank A	1861
1966	Custer, George A	1861
1967	Mackenzie, Ranald S	1862
1968	Gillespie, George L	1862
1969	Burroughs, George	1862
1970	Suter, Charles R	1862
1971	Smith, Jared A	1862
1972	Mansfield, Samuel M	1862
1973	Wharton, Henry C	1862
1974	Chaffee, Clemens C	1862
1975	Schaff, Morris	1862
1976	Myers, Jasper	1862
1977	Marye, William A	1862
1978	Hamilton, Frank B	1862
1979	Arnold, Isaac	1862
1980	McCrea, Tully	1862
1981	Lancaster, James M	1862
1982	Egan, John	1862
1983	Bolles, Asa	1862
1984	Sanderson, James A	1862
1985	Comly, Clifton	1862
1986	Bartlett, William C	1862
1987	Wilson, J, Eveleth	1862
1988	Calef, John H	1862
1989	Mclntire, Samuel B	1862
1990	Murray, Albert M	1862
1991	Rollins, James H	1862
1992	Lord, James H	1862
1993	James, Frederick J	1862
1994	Warner, Charles N	1862
1995	Meigs, John R	1863
1996	Michie, Peter S	1863
1997	Rabb, James D	1863
1998	Twining, William J	1863
1999	King, William R	1863
2000	Benyaurd, William H, H	1863
2001	Howell, Charles W	1863
2002	Holgate, Asa H	1863
2003	McGinness, John R	1863
2004	McKee, George W	1863
2005	Phipps, Frank H	1863
2006	Reilly, James William	1863
2007	Field, Josiah H, V	1863
2008	Rockwell, Charles F	1863
2009	Beebe, William S	1863
2010	Ward, Thomas	1863
2011	Counselman, Jacob H	1863
2012	Ramsay, George D, Jr	1863
2013	Dodge, Henry C	1863
2014	Butler, John Gazzam	1863
2015	Catlin, Robert	1863
2016	Lester, Charles H	1863
2017	Robbins, Kenelm	1863
2018	Sanno, James M, J	1863
2019	Reid, James R	1863
2020	Lydecker, Garrett J	1863
2021	Burnham, Arthur H	1863
2022	Stickney, Amos	1863
2023	Cuyler, James W	1863
